text,source,type,principle
Privacy is a fundamental principle in AI ethics, requiring stringent measures to protect user data. Encryption, anonymization, and strict access controls are essential for maintaining privacy.,AI Privacy Standards,Industry,Privacy
Fairness in AI ensures that systems do not exhibit biases based on race, gender, or other attributes. Continuous evaluation and fairness-aware algorithms are crucial to achieving this goal.,Journal of Fair AI,Academic,Fairness
Transparency involves making AI decision-making processes understandable to users. Clear documentation and explainability tools help in achieving transparency.,AI Transparency Blog,Blog,Transparency
Accountability in AI requires developers to take responsibility for the outcomes of their systems. This includes addressing any negative impacts and implementing corrective measures.,AI Accountability Framework,Industry,Accountability
Safety in AI is about ensuring that systems are secure and do not cause harm. Robust testing and safeguards against malicious use are key components of AI safety.,AI Safety Protocols,Academic,Safety
Autonomy in AI systems allows users to have control over their interactions with technology. Respecting user choices and preferences is a fundamental aspect of autonomy.,Autonomy in AI Systems,Industry,Autonomy
Diverse teams in AI development help mitigate biases and bring multiple perspectives to the table. This diversity is essential for creating fair and ethical AI systems.,Diversity in Tech Blog,Blog,Diversity
AI should aim to promote the well-being of individuals and society. Aligning AI development with ethical and humanitarian goals is crucial for beneficence.,AI for Humanity,Academic,Beneficence
Engaging stakeholders in the AI development process ensures that various viewpoints are considered. This collaborative approach helps create more responsible and ethical AI systems.,Stakeholder Engagement in AI,Industry,Stakeholder Engagement
Equity in AI development means creating systems that do not perpetuate social inequalities. Continuous monitoring and adjustments are necessary to ensure equitable outcomes.,Equitable AI Practices,Academic,Equity
Robustness in AI systems ensures reliability and resilience against errors and attacks. Thorough testing and validation are essential to achieve robustness.,AI Robustness Guide,Industry,Robustness
Sustainability in AI involves minimizing environmental impact. Developing energy-efficient AI technologies and reducing resource consumption are key for sustainable AI.,Green AI Blog,Blog,Sustainability
Respecting human dignity is essential in AI development. AI systems should enhance human capabilities without infringing on individual rights and freedoms.,Human Rights in AI,Academic,Dignity
Transparency requires disclosing the limitations and potential risks of AI systems. Users should be informed about what AI can and cannot do.,Transparent AI Systems,Industry,Transparency
Informed consent in AI involves clearly communicating how user data will be used. Providing concise and transparent information is key to obtaining genuine consent.,Consent in AI Research,Academic,Consent
Accessibility in AI ensures that systems are usable by people with diverse abilities. Inclusive design practices are essential to achieve this goal.,Inclusive AI Design,Industry,Accessibility
Continuous monitoring and evaluation help maintain ethical AI systems. Regular audits can identify and address potential ethical issues promptly.,AI Ethics Monitoring,Industry,Monitoring
Interpretability in AI models allows users to understand and trust the system's decisions. Clear explanations and interpretable models are essential for transparency.,Interpretable AI Blog,Blog,Interpretability
Respecting cultural differences is important in AI development. Culturally sensitive AI can better serve diverse user groups and enhance acceptance.,Cultural Sensitivity in AI,Blog,Cultural Sensitivity
Mechanisms for redress in AI systems ensure users can seek correction or compensation for harm caused by AI decisions. This builds trust and accountability.,Redress in AI Framework,Industry,Redress
